"2026/cpansa-apache-session-2013-10075.json","2026-05-08T00:00:00"
"2026/cpansa-crypt-passwdmd5-2026-6659.json","2026-05-08T00:00:00"
"2026/cpansa-apache-session-2026-5081.json","2026-05-06T00:00:00"
"2026/cpansa-gazelle-2026-40562.json","2026-05-06T00:00:00"
"2026/cpansa-starlet-2026-40561.json","2026-05-03T00:00:00"
"2026/cpansa-dancer-2026-5080.json","2026-04-30T00:00:00"
"2026/cpansa-plack-2026-7381.json","2026-04-29T00:00:00"
"2026/cpansa-starman-2026-40560.json","2026-04-29T00:00:00"
"2026/cpansa-text-csv_xs-2026-7111.json","2026-04-29T00:00:00"
"2026/cpansa-text-minify-xs-2026-7040.json","2026-04-27T00:00:00"
"2026/cpansa-cryptx-2026-41564.json","2026-04-23T00:00:00"
"2026/cpansa-net-dropbear-2025-15638.json","2026-04-21T00:00:00"
"2026/cpansa-storable-2017-20230.json","2026-04-21T00:00:00"
"2026/cpansa-apache2-api-2026-5088.json","2026-04-15T00:00:00"
"2026/cpansa-crypt-secretbuffer-2026-5086.json","2026-04-13T00:00:00"
"2026/cpansa-solstice-2026-5085.json","2026-04-13T00:00:00"
"2026/cpansa-net-cidr-lite-2026-40198.json","2026-04-10T00:00:00"
"2026/cpansa-net-cidr-lite-2026-40199.json","2026-04-10T00:00:00"
"2026/cpansa-amon2-plugin-web-csrfdefender-2026-5082.json","2026-04-08T00:00:00"
"2026/cpansa--2026-5083.json","2026-04-08T00:00:00"
"2026/cpansa-net-movabletype-2026-25776.json","2026-04-08T00:00:00"
"2026/cpansa-business-onlinepayment-storedtransaction-2025-15618.json","2026-03-31T00:00:00"
"2026/cpansa-pagi-middleware-session-store-cookie-2026-5087.json","2026-03-31T00:00:00"
"2026/cpansa-sereal-decoder-2024-14030.json","2026-03-31T00:00:00"
"2026/cpansa-sereal-encoder-2024-14031.json","2026-03-31T00:00:00"
"2026/cpansa-grid-machine-2026-4851.json","2026-03-29T00:00:00"
"2026/cpansa-perl-2026-4176.json","2026-03-29T00:00:00"
"2026/cpansa-amon2-2025-15604.json","2026-03-28T00:00:00"
"2026/cpansa-http-session-2026-3256.json","2026-03-28T00:00:00"
"2026/cpansa-plack-middleware-session-2014-125112.json","2026-03-26T00:00:00"
"2026/cpansa-xml-parser-2006-10002.json","2026-03-19T00:00:00"
"2026/cpansa-xml-parser-2006-10003.json","2026-03-19T00:00:00"
"2026/cpansa-yaml-syck-2026-4177.json","2026-03-16T00:00:00"
"2026/cpansa-crypt-nacl-sodium-2026-30909.json","2026-03-08T00:00:00"
"2026/cpansa-crypt-sodium-xs-2026-30910.json","2026-03-08T00:00:00"
"2026/cpansa-apache-session-2025-40931.json","2026-03-05T00:00:00"
"2026/cpansa-compress-raw-zlib-2026-3381.json","2026-03-05T00:00:00"
"2026/cpansa-net-nsca-client-2024-57854.json","2026-03-05T00:00:00"
"2026/cpansa-plack-middleware-session-simple-2025-40926.json","2026-03-05T00:00:00"
"2026/cpansa-unqlite-2026-3257.json","2026-03-05T00:00:00"
"2026/cpansa-crypt-sysrandom-xs-2026-2597.json","2026-02-27T00:00:00"
"2026/cpansa-http-session2-2026-3255.json","2026-02-27T00:00:00"
"2026/cpansa-smolder-2024-58041.json","2026-02-24T00:00:00"
"2026/cpansa-crypt-nacl-sodium-2026-2588.json","2026-02-23T00:00:00"
"2026/cpansa-concierge-sessions-2026-2439.json","2026-02-16T00:00:00"
"2026/cpansa-crypt-urandom-2026-2474.json","2026-02-16T00:00:00"
"2026/cpansa-maypole-2025-15578.json","2026-02-16T00:00:00"
"2026/cpansa-www-oauth-2025-40905.json","2026-02-13T00:00:00"
"2026/cpansa-harfbuzz-shaper-2026-0943.json","2026-01-19T00:00:00"
"2026/cpansa-crypt-sodium-xs-2025-15444.json","2026-01-06T00:00:00"
"2025/cpansa-crypt-sodium-xs-2025-69277-libsodium.json","2025-12-31T00:00:00"
"2025/cpansa-xml-sig-2025-40934.json","2025-11-26T00:00:00"
"2025/cpansa-yaml-syck-2025-11683.json","2025-10-16T00:00:00"
"2025/cpansa-crypt-randomencryption-2024-58040.json","2025-09-30T00:00:00"
"2025/cpansa-starch-2025-40925.json","2025-09-20T00:00:00"
"2025/cpansa-apache2-authany-2025-40933.json","2025-09-17T00:00:00"
"2025/cpansa-cpanel-json-xs-2025-40929.json","2025-09-08T00:00:00"
"2025/cpansa-json-simd-2025-40930.json","2025-09-08T00:00:00"
"2025/cpansa-json-xs-2025-40928.json","2025-09-08T00:00:00"
"2025/cpansa-cgi-simple-2025-40927.json","2025-08-29T00:00:00"
"2025/cpansa-catalyst-authentication-credential-http-2025-40920.json","2025-08-11T00:00:00"
"2025/cpansa-catalyst-plugin-session-2025-40924.json","2025-07-17T00:00:00"
"2025/cpansa-authen-digestmd5-2025-40919.json","2025-07-16T00:00:00"
"2025/cpansa-authen-sasl-2025-40918.json","2025-07-16T00:00:00"
"2025/cpansa-net-dropbear-2025-40913.json","2025-07-16T00:00:00"
"2025/cpansa-plack-middleware-session-2025-40923.json","2025-07-16T00:00:00"
"2025/cpansa-net-ip-lpm-2025-40910.json","2025-06-27T00:00:00"
"2025/cpansa-mojolicious-plugin-captchapng-2025-40916.json","2025-06-16T00:00:00"
"2025/cpansa-archive-unzip-burst-2022-4976.json","2025-06-12T00:00:00"
"2025/cpansa-cryptx-2025-40912.json","2025-06-11T00:00:00"
"2025/cpansa-cryptx-2025-40914.json","2025-06-11T00:00:00"
"2025/cpansa-mojolicious-plugin-csrf-2025-40915.json","2025-06-11T00:00:00"
"2025/cpansa-file-find-rule-2011-10007.json","2025-06-05T00:00:00"
"2025/cpansa-perlspeak-2011-10007.json","2025-06-05T00:00:00"
"2025/cpansa-yaml-libyaml-2025-001.json","2025-06-01T00:00:00"
"2025/cpansa-perl-2025-40909.json","2025-05-30T00:00:00"
"2025/cpansa-net-cidr-set-2025-40911.json","2025-05-27T00:00:00"
"2025/cpansa-bson-xs-2025-40906.json","2025-05-16T00:00:00"
"2025/cpansa-fcgi-2025-40907.json","2025-05-16T00:00:00"
"2025/cpansa-plack-middleware-statsd-2025-001.json","2025-05-13T00:00:00"
"2025/cpansa-mojolicious-2024-58134.json","2025-05-03T00:00:00"
"2025/cpansa-mojolicious-2024-58135.json","2025-05-03T00:00:00"
"2025/cpansa-crypt-cbc-2025-2814.json","2025-04-13T00:00:00"
"2025/cpansa-perl-2024-56406.json","2025-04-13T00:00:00"
"2025/cpansa-amon2-auth-site-line-2024-57835.json","2025-04-05T00:00:00"
"2025/cpansa-net-dropbox-api-2024-58036.json","2025-04-05T00:00:00"
"2025/cpansa-net-xero-2024-56370.json","2025-04-05T00:00:00"
"2025/cpansa-web-api-2024-57868.json","2025-04-05T00:00:00"
"2025/cpansa-webservice-xero-2024-52322.json","2025-04-05T00:00:00"
"2025/cpansa-crypt-salt-2025-1805.json","2025-04-02T00:00:00"
"2025/cpansa-linux-statm-tiny-2025-3051.json","2025-04-01T00:00:00"
"2025/cpansa-mite-2025-30672.json","2025-04-01T00:00:00"
"2025/cpansa-sub-handlesvia-2025-30673.json","2025-04-01T00:00:00"
"2025/cpansa-data-entropy-2025-1860.json","2025-03-28T00:00:00"
"2025/cpansa-string-compare-constanttime-2024-13939.json","2025-03-28T00:00:00"
"2025/cpansa-dbix-class-encodedcolumn-2025-27551.json","2025-03-26T00:00:00"
"2025/cpansa-dbix-class-encodedcolumn-2025-27552.json","2025-03-26T00:00:00"
"2025/cpansa-crypt-random-2025-1828.json","2025-03-11T00:00:00"
"2025/cpansa-net-oauth-2025-22376.json","2025-01-03T00:00:00"
"2025/cpansa-easytcp-2002-20002.json","2025-01-02T00:00:00"
"2025/cpansa-easytcp-2024-56830.json","2025-01-02T00:00:00"
"2024/cpansa-module-scandeps-2024-10224.json","2024-11-19T00:00:00"
"2024/cpansa-imager-2024-001.json","2024-11-17T00:00:00"
"2024/cpansa-app-cpanminus-2024-45321.json","2024-08-27T00:00:00"
"2024/cpansa-bson-xs-2024-6383-libbson.json","2024-07-03T00:00:00"
"2024/cpansa-mojo-dom-role-analyzer-2024-38526.json","2024-06-26T00:00:00"
"2024/cpansa-mojolicious-plugin-lazyimage-2024-38526.json","2024-06-26T00:00:00"
"2024/cpansa-mozilla-ca-2024-39689.json","2024-06-11T00:00:00"
"2024/cpansa-email-mime-2024-4140.json","2024-05-02T00:00:00"
"2024/cpansa-crypt-openssl-rsa-2024-2467.json","2024-04-25T00:00:00"
"2024/cpansa-net-cidr-lite-2021-47154.json","2024-03-18T00:00:00"
"2024/cpansa-net-ipaddress-util-2021-47156.json","2024-03-18T00:00:00"
"2024/cpansa-net-ipv4addr-2021-47155.json","2024-03-18T00:00:00"
"2024/cpansa-spreadsheet-parsexlsx-2024-23525.json","2024-01-17T00:00:00"
"2024/cpansa-spreadsheet-parsexlsx-2024-22368.json","2024-01-03T00:00:00"
"2023/cpansa-spreadsheet-parseexcel-2023-7101.json","2023-12-24T00:00:00"
"2023/cpansa-perl-2023-47038.json","2023-10-30T00:00:00"
"2023/cpansa-perl-2023-47039.json","2023-10-30T00:00:00"
"2023/cpansa-perl-2022-48522.json","2023-08-22T00:00:00"
"2023/cpansa-plack-middleware-xsrfblock-20230714-01.json","2023-07-14T00:00:00"
"2023/cpansa-cpan-2023-31484.json","2023-02-28T00:00:00"
"2023/cpansa-gitlab-api-v4-2023-31485.json","2023-02-28T00:00:00"
"2023/cpansa-cpanel-json-xs-2023-01.json","2023-02-21T00:00:00"
"2023/cpansa-http-tiny-2023-31486.json","2023-02-14T00:00:00"
"2023/cpansa-apache-session-browseable-2020-36659.json","2023-01-27T00:00:00"
"2023/cpansa-apache-session-ldap-2020-36658.json","2023-01-27T00:00:00"
"2023/cpansa-html-stripscripts-2023-24038.json","2023-01-21T00:00:00"
"2022/cpansa-mojolicious-2022-03.json","2022-12-10T00:00:00"
"2022/cpansa-urxvt-bgdsl-2022-4170.json","2022-12-09T00:00:00"
"2022/cpansa-mt-2022-43660.json","2022-12-07T00:00:00"
"2022/cpansa-dbd-sqlite-2021-20223-sqlite.json","2022-08-25T00:00:00"
"2022/cpansa-mt-2022-38078.json","2022-08-24T00:00:00"
"2022/cpansa-net-ldaps-2020-16093.json","2022-07-18T00:00:00"
"2022/cpansa-lemonldap-ng-common-2021-40874-lemonldap.json","2022-07-18T00:00:00"
"2022/cpansa-lemonldap-ng-handler-2021-40874-lemonldap.json","2022-07-18T00:00:00"
"2022/cpansa-lemonldap-ng-manager-2021-40874-lemonldap.json","2022-07-18T00:00:00"
"2022/cpansa-lemonldap-ng-portal-2021-40874-lemonldap.json","2022-07-18T00:00:00"
"2022/cpansa-http-daemon-2022-31081.json","2022-06-27T00:00:00"
"2022/cpansa-dpkg-2022-1664.json","2022-05-26T00:00:00"
"2022/cpansa-app-netdisco-2022-24785-momentjs.json","2022-04-04T00:00:00"
"2022/cpansa-alien-freeimage-2018-25032-zlib.json","2022-03-25T00:00:00"
"2022/cpansa-backuppc-xs-2018-25032-zlib.json","2022-03-25T00:00:00"
"2022/cpansa-compress-raw-zlib-2018-25032-zlib.json","2022-03-25T00:00:00"
"2022/cpansa-git-raw-2018-25032-zlib.json","2022-03-25T00:00:00"
"2022/cpansa-git-xs-2018-25032-zlib.json","2022-03-25T00:00:00"
"2022/cpansa-image-png-simple-2018-25032-zlib.json","2022-03-25T00:00:00"
"2022/cpansa-spvm-resource-zlib-v1_2_11-2018-25032-zlib.json","2022-03-25T00:00:00"
"2022/cpansa-tk-2018-25032-zlib.json","2022-03-25T00:00:00"
"2022/cpansa-cppadaptive1-2018-25032-zlib.json","2022-03-25T00:00:00"
"2022/cpansa-cppadaptive2-2018-25032-zlib.json","2022-03-25T00:00:00"
"2022/cpansa-app-revealup-2022-0776-revealjs.json","2022-03-01T00:00:00"
"2022/cpansa-image-exiftool-2022-23935.json","2022-01-25T00:00:00"
"2022/cpansa-javascript-duktape-2021-46322-duktape.json","2022-01-20T00:00:00"
"2022/cpansa-javascript-duktape-xs-2021-46322-duktape.json","2022-01-20T00:00:00"
"2021/cpansa-cpan-2020-16156.json","2021-12-13T00:00:00"
"2021/cpansa-cpan-checksums-2020-16155.json","2021-12-13T00:00:00"
"2021/cpansa-yukki-2021-23562-plupload.json","2021-12-03T00:00:00"
"2021/cpansa-mt-2021-20837.json","2021-10-26T00:00:00"
"2021/cpansa-mt-2020-5669.json","2021-10-26T00:00:00"
"2021/cpansa-yukki-2021-41182-jqueryui.json","2021-10-26T00:00:00"
"2021/cpansa-yukki-2021-41183-jqueryui.json","2021-10-26T00:00:00"
"2021/cpansa-yukki-2021-41184-jqueryui.json","2021-10-26T00:00:00"
"2021/cpansa-redis-fast-2021-32765-hiredis.json","2021-10-04T00:00:00"
"2021/cpansa-ev-hiredis-2021-32765-hiredis.json","2021-10-04T00:00:00"
"2021/cpansa-redis-hiredis-2021-32765-hiredis.json","2021-10-04T00:00:00"
"2021/cpansa-www-orcid-2021-3822-jsoneditor.json","2021-09-27T00:00:00"
"2021/cpansa-alien-gcrypt-2021-40528-libgcrypt.json","2021-09-06T00:00:00"
"2021/cpansa-kossy-2021-01.json","2021-08-29T00:00:00"
"2021/cpansa-mt-2021-20814.json","2021-08-26T00:00:00"
"2021/cpansa-mt-2021-20813.json","2021-08-26T00:00:00"
"2021/cpansa-mt-2021-20815.json","2021-08-26T00:00:00"
"2021/cpansa-mt-2021-20811.json","2021-08-26T00:00:00"
"2021/cpansa-mt-2021-20810.json","2021-08-26T00:00:00"
"2021/cpansa-mt-2021-20809.json","2021-08-26T00:00:00"
"2021/cpansa-mt-2021-20808.json","2021-08-26T00:00:00"
"2021/cpansa-mt-2021-20812.json","2021-08-26T00:00:00"
"2021/cpansa-perldoc-server-2021-23432-mootools.json","2021-08-24T00:00:00"
"2021/cpansa-zonemaster-backend-2021-001.json","2021-08-05T00:00:00"
"2021/cpansa-lemonldap-ng-common-2021-35472-lemonldap.json","2021-07-30T00:00:00"
"2021/cpansa-lemonldap-ng-handler-2021-35472-lemonldap.json","2021-07-30T00:00:00"
"2021/cpansa-lemonldap-ng-manager-2021-35472-lemonldap.json","2021-07-30T00:00:00"
"2021/cpansa-lemonldap-ng-portal-2021-35472-lemonldap.json","2021-07-30T00:00:00"
"2021/cpansa-encode-2021-01.json","2021-07-17T00:00:00"
"2021/cpansa-xml-atom-2012-1102.json","2021-07-09T00:00:00"
"2021/cpansa-mojolicious-2021-02.json","2021-06-01T00:00:00"
"2021/cpansa-crypt-cbc-2021-0001.json","2021-05-17T00:00:00"
"2021/cpansa-image-exiftool-2021-22204.json","2021-04-23T00:00:00"
"2021/cpansa-data-validate-ip-2021-01.json","2021-03-31T00:00:00"
"2021/cpansa-net-netmask-2021-01.json","2021-03-29T00:00:00"
"2021/cpansa-dbd-sqlite-2021-20227-sqlite.json","2021-03-23T00:00:00"
"2021/cpansa-mojolicious-2021-01.json","2021-03-16T00:00:00"
"2021/cpansa-sereal-decoder-2021-24031-zstd.json","2021-03-04T00:00:00"
"2021/cpansa-sereal-decoder-2021-24032-zstd.json","2021-03-04T00:00:00"
"2021/cpansa-sereal-encoder-2021-24031-zstd.json","2021-03-04T00:00:00"
"2021/cpansa-sereal-encoder-2021-24032-zstd.json","2021-03-04T00:00:00"
"2021/cpansa-net-dropbear-2020-36254-dropbear.json","2021-02-25T00:00:00"
"2021/cpansa-www-orcid-2020-23849-jsoneditor.json","2021-01-11T00:00:00"
"2020/cpansa-net-dropbear-2019-12953-dropbear.json","2020-12-30T00:00:00"
"2020/cpansa-mojolicious-2020-01.json","2020-11-10T00:00:00"
"2020/cpansa-ukigumo-server-2020-7746-chartjs.json","2020-10-29T00:00:00"
"2020/cpansa-wight-chart-2020-7746-chartjs.json","2020-10-29T00:00:00"
"2020/cpansa-mysql-admin-2019-20921-bootstrap-select.json","2020-09-30T00:00:00"
"2020/cpansa-xao-web-2020-01.json","2020-09-18T00:00:00"
"2020/cpansa-dbi-2020-02.json","2020-09-17T00:00:00"
"2020/cpansa-dbi-2020-01.json","2020-09-16T00:00:00"
"2020/cpansa-dbi-2014-10402.json","2020-09-16T00:00:00"
"2020/cpansa-io-compress-brotli-2020-8927-brotli.json","2020-09-15T00:00:00"
"2020/cpansa-dbi-2014-10401.json","2020-09-11T00:00:00"
"2020/cpansa-dbi-2013-7491.json","2020-09-11T00:00:00"
"2020/cpansa-dbi-2013-7490.json","2020-09-11T00:00:00"
"2020/cpansa-galileo-2019-7410.json","2020-08-14T00:00:00"
"2020/cpansa-crypt-perl-2020-01.json","2020-08-10T00:00:00"
"2020/cpansa-app-cpanminus-2020-01.json","2020-07-30T00:00:00"
"2020/cpansa-sockjs-2020-7693-sockjs.json","2020-07-09T00:00:00"
"2020/cpansa-dbd-sqlite-2020-15358.json","2020-06-27T00:00:00"
"2020/cpansa-dbd-sqlite-2020-15358-sqlite.json","2020-06-27T00:00:00"
"2020/cpansa-dbi-2020-03.json","2020-06-17T00:00:00"
"2020/cpansa-zonemaster-gui-2020-7676-angular.json","2020-06-08T00:00:00"
"2020/cpansa-crypt-perl-2020-02.json","2020-06-07T00:00:00"
"2020/cpansa-perl-2020-12723.json","2020-06-05T00:00:00"
"2020/cpansa-perl-2020-10878.json","2020-06-05T00:00:00"
"2020/cpansa-perl-2020-10543.json","2020-06-05T00:00:00"
"2020/cpansa-dbd-sqlite-2020-13632.json","2020-05-27T00:00:00"
"2020/cpansa-dbd-sqlite-2020-13631.json","2020-05-27T00:00:00"
"2020/cpansa-dbd-sqlite-2020-13630.json","2020-05-27T00:00:00"
"2020/cpansa-dbd-sqlite-2020-13435.json","2020-05-24T00:00:00"
"2020/cpansa-dbd-sqlite-2020-13434.json","2020-05-24T00:00:00"
"2020/cpansa-app-netdisco-2020-7656-jquery.json","2020-05-19T00:00:00"
"2020/cpansa-js-jquery-2020-7656-jquery.json","2020-05-19T00:00:00"
"2020/cpansa-kossy-2020-7656-jquery.json","2020-05-19T00:00:00"
"2020/cpansa-mysql-admin-2020-7656-jquery.json","2020-05-19T00:00:00"
"2020/cpansa-plack-debugger-2020-7656-jquery.json","2020-05-19T00:00:00"
"2020/cpansa-resource-pack-jquery-2020-7656-jquery.json","2020-05-19T00:00:00"
"2020/cpansa-sidef-2020-7656-jquery.json","2020-05-19T00:00:00"
"2020/cpansa-sockjs-2020-7656-jquery.json","2020-05-19T00:00:00"
"2020/cpansa-squatting-2020-7656-jquery.json","2020-05-19T00:00:00"
"2020/cpansa-stardust-2020-7656-jquery.json","2020-05-19T00:00:00"
"2020/cpansa-ur-2020-7656-jquery.json","2020-05-19T00:00:00"
"2020/cpansa-ukigumo-server-2020-7656-jquery.json","2020-05-19T00:00:00"
"2020/cpansa-yatt-lite-2020-7656-jquery.json","2020-05-19T00:00:00"
"2020/cpansa-yancy-2020-7656-jquery.json","2020-05-19T00:00:00"
"2020/cpansa-yote-2020-7656-jquery.json","2020-05-19T00:00:00"
"2020/cpansa-yukki-2020-7656-jquery.json","2020-05-19T00:00:00"
"2020/cpansa-zabbix-reporter-2020-7656-jquery.json","2020-05-19T00:00:00"
"2020/cpansa-zonemaster-gui-2020-7656-jquery.json","2020-05-19T00:00:00"
"2020/cpansa-mt-2020-5577.json","2020-05-14T00:00:00"
"2020/cpansa-mt-2020-5576.json","2020-05-14T00:00:00"
"2020/cpansa-mt-2020-5575.json","2020-05-14T00:00:00"
"2020/cpansa-mt-2020-5574.json","2020-05-14T00:00:00"
"2020/cpansa-app-netdisco-2020-11022-jquery.json","2020-04-29T00:00:00"
"2020/cpansa-app-netdisco-2020-11023-jquery.json","2020-04-29T00:00:00"
"2020/cpansa-js-jquery-2020-11022-jquery.json","2020-04-29T00:00:00"
"2020/cpansa-js-jquery-2020-11023-jquery.json","2020-04-29T00:00:00"
"2020/cpansa-kossy-2020-11022-jquery.json","2020-04-29T00:00:00"
"2020/cpansa-kossy-2020-11023-jquery.json","2020-04-29T00:00:00"
"2020/cpansa-mysql-admin-2020-11022-jquery.json","2020-04-29T00:00:00"
"2020/cpansa-mysql-admin-2020-11023-jquery.json","2020-04-29T00:00:00"
"2020/cpansa-plack-debugger-2020-11022-jquery.json","2020-04-29T00:00:00"
"2020/cpansa-plack-debugger-2020-11023-jquery.json","2020-04-29T00:00:00"
"2020/cpansa-resource-pack-jquery-2020-11022-jquery.json","2020-04-29T00:00:00"
"2020/cpansa-resource-pack-jquery-2020-11023-jquery.json","2020-04-29T00:00:00"
"2020/cpansa-sidef-2020-11022-jquery.json","2020-04-29T00:00:00"
"2020/cpansa-sidef-2020-11023-jquery.json","2020-04-29T00:00:00"
"2020/cpansa-sockjs-2020-11022-jquery.json","2020-04-29T00:00:00"
"2020/cpansa-sockjs-2020-11023-jquery.json","2020-04-29T00:00:00"
"2020/cpansa-squatting-2020-11022-jquery.json","2020-04-29T00:00:00"
"2020/cpansa-squatting-2020-11023-jquery.json","2020-04-29T00:00:00"
"2020/cpansa-stardust-2020-11022-jquery.json","2020-04-29T00:00:00"
"2020/cpansa-stardust-2020-11023-jquery.json","2020-04-29T00:00:00"
"2020/cpansa-ur-2020-11022-jquery.json","2020-04-29T00:00:00"
"2020/cpansa-ur-2020-11023-jquery.json","2020-04-29T00:00:00"
"2020/cpansa-ukigumo-server-2020-11022-jquery.json","2020-04-29T00:00:00"
"2020/cpansa-ukigumo-server-2020-11023-jquery.json","2020-04-29T00:00:00"
"2020/cpansa-yatt-lite-2020-11022-jquery.json","2020-04-29T00:00:00"
"2020/cpansa-yatt-lite-2020-11023-jquery.json","2020-04-29T00:00:00"
"2020/cpansa-yancy-2020-11022-jquery.json","2020-04-29T00:00:00"
"2020/cpansa-yancy-2020-11023-jquery.json","2020-04-29T00:00:00"
"2020/cpansa-yote-2020-11022-jquery.json","2020-04-29T00:00:00"
"2020/cpansa-yote-2020-11023-jquery.json","2020-04-29T00:00:00"
"2020/cpansa-yukki-2020-11022-jquery.json","2020-04-29T00:00:00"
"2020/cpansa-yukki-2020-11023-jquery.json","2020-04-29T00:00:00"
"2020/cpansa-zabbix-reporter-2020-11022-jquery.json","2020-04-29T00:00:00"
"2020/cpansa-zabbix-reporter-2020-11023-jquery.json","2020-04-29T00:00:00"
"2020/cpansa-zonemaster-gui-2020-11022-jquery.json","2020-04-29T00:00:00"
"2020/cpansa-zonemaster-gui-2020-11023-jquery.json","2020-04-29T00:00:00"
"2020/cpansa-dbd-sqlite-2020-11656.json","2020-04-09T00:00:00"
"2020/cpansa-dbd-sqlite-2020-11655.json","2020-04-09T00:00:00"
"2020/cpansa-dbd-sqlite-2020-11656-sqlite.json","2020-04-09T00:00:00"
"2020/cpansa-dbd-sqlite-2020-11655-sqlite.json","2020-04-09T00:00:00"
"2020/cpansa-convert-asn1-2013-7488.json","2020-04-07T00:00:00"
"2020/cpansa-app-revealup-2020-8127-revealjs.json","2020-02-28T00:00:00"
"2020/cpansa-dbd-sqlite-2020-9327.json","2020-02-21T00:00:00"
"2020/cpansa-alien-pcre2-2019-20454.json","2020-02-14T00:00:00"
"2020/cpansa-marpax-eslif-2019-20454-libpcre2.json","2020-02-14T00:00:00"
"2020/cpansa-git-raw-2014-9390-libgit2.json","2020-02-12T00:00:00"
"2020/cpansa-git-xs-2014-9390-libgit2.json","2020-02-12T00:00:00"
"2020/cpansa-mt-2020-5528.json","2020-02-06T00:00:00"
"2020/cpansa-batch-batchrun-2011-4117.json","2020-01-31T00:00:00"
"2020/cpansa-file-temp-2011-4116.json","2020-01-31T00:00:00"
"2020/cpansa-parallel-forkmanager-2011-4115.json","2020-01-31T00:00:00"
"2020/cpansa-archive-unzip-burst-2014-8141-unzip.json","2020-01-31T00:00:00"
"2020/cpansa-archive-unzip-burst-2014-8140-unzip.json","2020-01-31T00:00:00"
"2020/cpansa-archive-unzip-burst-2014-8139-unzip.json","2020-01-31T00:00:00"
"2020/cpansa-lwp-protocol-https-2014-3230.json","2020-01-28T00:00:00"
"2020/cpansa-module-metadata-2013-1437.json","2020-01-28T00:00:00"
"2020/cpansa-ev-hiredis-2020-7105-hiredis.json","2020-01-16T00:00:00"
"2020/cpansa-redis-fast-2020-7105-hiredis.json","2020-01-16T00:00:00"
"2020/cpansa-redis-hiredis-2020-7105-hiredis.json","2020-01-16T00:00:00"
"2020/cpansa-perl6-pugs-2015-2325-libpcre.json","2020-01-14T00:00:00"
"2020/cpansa-perl6-pugs-2015-2326-libpcre.json","2020-01-14T00:00:00"
"2020/cpansa-dbd-sqlite-2019-19959.json","2020-01-03T00:00:00"
"2020/cpansa-dbd-sqlite-2019-20218.json","2020-01-02T00:00:00"
"2019/cpansa-mt-2019-6025.json","2019-12-26T00:00:00"
"2019/cpansa-dbd-sqlite-2019-19925.json","2019-12-24T00:00:00"
"2019/cpansa-dbd-sqlite-2019-19924.json","2019-12-24T00:00:00"
"2019/cpansa-dbd-sqlite-2019-19923.json","2019-12-24T00:00:00"
"2019/cpansa-dbd-sqlite-2019-19926.json","2019-12-23T00:00:00"
"2019/cpansa-dbd-sqlite-2019-19880.json","2019-12-18T00:00:00"
"2019/cpansa-data-uuid-2013-4184.json","2019-12-10T00:00:00"
"2019/cpansa-dbd-sqlite-2019-19646.json","2019-12-09T00:00:00"
"2019/cpansa-dbd-sqlite-2019-19645.json","2019-12-09T00:00:00"
"2019/cpansa-dbd-sqlite-2019-19603.json","2019-12-09T00:00:00"
"2019/cpansa-dbd-sqlite-2019-19317.json","2019-12-05T00:00:00"
"2019/cpansa-dbd-sqlite-2019-19242.json","2019-11-27T00:00:00"
"2019/cpansa-dbd-sqlite-2019-19242-sqlite.json","2019-11-27T00:00:00"
"2019/cpansa-dbd-sqlite-2019-19244.json","2019-11-25T00:00:00"
"2019/cpansa-poe-component-irc-2010-3438.json","2019-11-12T00:00:00"
"2019/cpansa-net-dropbear-2019-17362.json","2019-10-09T00:00:00"
"2019/cpansa-net-dropbear-2019-17362-libtomcrypt.json","2019-10-09T00:00:00"
"2019/cpansa-image-png-simple-2019-9423-libpng.json","2019-09-27T00:00:00"
"2019/cpansa-cppadaptive1-2019-9423-libpng.json","2019-09-27T00:00:00"
"2019/cpansa-cppadaptive2-2019-9423-libpng.json","2019-09-27T00:00:00"
"2019/cpansa-prima-codecs-win32-2017-12652-libpng.json","2019-07-10T00:00:00"
"2019/cpansa-prima-codecs-win64-2017-12652-libpng.json","2019-07-10T00:00:00"
"2019/cpansa-tk-2017-12652-libpng.json","2019-07-10T00:00:00"
"2019/cpansa-dbd-sqlite-2019-8457.json","2019-05-30T00:00:00"
"2019/cpansa-dbd-sqlite-2019-5018.json","2019-05-10T00:00:00"
"2019/cpansa-yaml-2019-01.json","2019-04-27T00:00:00"
"2019/cpansa-app-netdisco-2019-11358-jquery.json","2019-04-20T00:00:00"
"2019/cpansa-js-jquery-2019-11358-jquery.json","2019-04-20T00:00:00"
"2019/cpansa-kossy-2019-11358-jquery.json","2019-04-20T00:00:00"
"2019/cpansa-mysql-admin-2019-11358-jquery.json","2019-04-20T00:00:00"
"2019/cpansa-plack-debugger-2019-11358-jquery.json","2019-04-20T00:00:00"
"2019/cpansa-resource-pack-jquery-2019-11358-jquery.json","2019-04-20T00:00:00"
"2019/cpansa-sidef-2019-11358-jquery.json","2019-04-20T00:00:00"
"2019/cpansa-sockjs-2019-11358-jquery.json","2019-04-20T00:00:00"
"2019/cpansa-squatting-2019-11358-jquery.json","2019-04-20T00:00:00"
"2019/cpansa-stardust-2019-11358-jquery.json","2019-04-20T00:00:00"
"2019/cpansa-ur-2019-11358-jquery.json","2019-04-20T00:00:00"
"2019/cpansa-ukigumo-server-2019-11358-jquery.json","2019-04-20T00:00:00"
"2019/cpansa-yatt-lite-2019-11358-jquery.json","2019-04-20T00:00:00"
"2019/cpansa-yancy-2019-11358-jquery.json","2019-04-20T00:00:00"
"2019/cpansa-yote-2019-11358-jquery.json","2019-04-20T00:00:00"
"2019/cpansa-yukki-2019-11358-jquery.json","2019-04-20T00:00:00"
"2019/cpansa-zabbix-reporter-2019-11358-jquery.json","2019-04-20T00:00:00"
"2019/cpansa-zonemaster-gui-2019-11358-jquery.json","2019-04-20T00:00:00"
"2019/cpansa-dbd-sqlite-2018-20506.json","2019-04-03T00:00:00"
"2019/cpansa-dbd-sqlite-2018-20505.json","2019-04-03T00:00:00"
"2019/cpansa-dbd-sqlite-2018-20506-sqlite.json","2019-04-03T00:00:00"
"2019/cpansa-crypt-jwt-2019-01.json","2019-03-20T00:00:00"
"2019/cpansa-image-png-simple-2019-7317-libpng.json","2019-02-04T00:00:00"
"2019/cpansa-cppadaptive1-2019-7317-libpng.json","2019-02-04T00:00:00"
"2019/cpansa-cppadaptive2-2019-7317-libpng.json","2019-02-04T00:00:00"
"2019/cpansa-gd-2019-6977.json","2019-01-27T00:00:00"
"2019/cpansa-image-exiftool-2018-20211.json","2019-01-02T00:00:00"
"2018/cpansa-dbd-sqlite-2018-20346.json","2018-12-21T00:00:00"
"2018/cpansa-perl-2018-18314.json","2018-12-07T00:00:00"
"2018/cpansa-perl-2018-18313.json","2018-12-07T00:00:00"
"2018/cpansa-perl-2018-18311.json","2018-12-07T00:00:00"
"2018/cpansa-perl-2018-18312.json","2018-12-05T00:00:00"
"2018/cpansa-git-xs-2018-12121-http-parser.json","2018-11-28T00:00:00"
"2018/cpansa-cryptx-2018-01.json","2018-10-26T00:00:00"
"2018/cpansa-dbd-sqlite-2018-3906-sqlite.json","2018-09-21T00:00:00"
"2018/cpansa-mt-2018-0672.json","2018-09-04T00:00:00"
"2018/cpansa-mod_perl-2011-2767.json","2018-08-26T00:00:00"
"2018/cpansa-mojolicious-2018-04.json","2018-08-09T00:00:00"
"2018/cpansa-kossy-2018-14041-bootstrap.json","2018-07-13T00:00:00"
"2018/cpansa-kossy-2018-14042-bootstrap.json","2018-07-13T00:00:00"
"2018/cpansa-mysql-admin-2018-14041-bootstrap.json","2018-07-13T00:00:00"
"2018/cpansa-mysql-admin-2018-14042-bootstrap.json","2018-07-13T00:00:00"
"2018/cpansa-plack-middleware-bootstrap-2018-14041-bootstrap.json","2018-07-13T00:00:00"
"2018/cpansa-plack-middleware-bootstrap-2018-14042-bootstrap.json","2018-07-13T00:00:00"
"2018/cpansa-ur-2018-14041-bootstrap.json","2018-07-13T00:00:00"
"2018/cpansa-ur-2018-14042-bootstrap.json","2018-07-13T00:00:00"
"2018/cpansa-ukigumo-agent-2018-14041-bootstrap.json","2018-07-13T00:00:00"
"2018/cpansa-ukigumo-agent-2018-14042-bootstrap.json","2018-07-13T00:00:00"
"2018/cpansa-www-useperl-server-2018-14041-bootstrap.json","2018-07-13T00:00:00"
"2018/cpansa-www-useperl-server-2018-14042-bootstrap.json","2018-07-13T00:00:00"
"2018/cpansa-yatt-lite-2018-14041-bootstrap.json","2018-07-13T00:00:00"
"2018/cpansa-yatt-lite-2018-14042-bootstrap.json","2018-07-13T00:00:00"
"2018/cpansa-zabbix-reporter-2018-14041-bootstrap.json","2018-07-13T00:00:00"
"2018/cpansa-zabbix-reporter-2018-14042-bootstrap.json","2018-07-13T00:00:00"
"2018/cpansa-zonemaster-gui-2018-14041-bootstrap.json","2018-07-13T00:00:00"
"2018/cpansa-zonemaster-gui-2018-14042-bootstrap.json","2018-07-13T00:00:00"
"2018/cpansa-kossy-2018-14040-bootstrap.json","2018-07-13T00:00:00"
"2018/cpansa-mysql-admin-2018-14040-bootstrap.json","2018-07-13T00:00:00"
"2018/cpansa-plack-middleware-bootstrap-2018-14040-bootstrap.json","2018-07-13T00:00:00"
"2018/cpansa-ur-2018-14040-bootstrap.json","2018-07-13T00:00:00"
"2018/cpansa-ukigumo-agent-2018-14040-bootstrap.json","2018-07-13T00:00:00"
"2018/cpansa-www-useperl-server-2018-14040-bootstrap.json","2018-07-13T00:00:00"
"2018/cpansa-yatt-lite-2018-14040-bootstrap.json","2018-07-13T00:00:00"
"2018/cpansa-zabbix-reporter-2018-14040-bootstrap.json","2018-07-13T00:00:00"
"2018/cpansa-zonemaster-gui-2018-14040-bootstrap.json","2018-07-13T00:00:00"
"2018/cpansa-archive-zip-2018-01.json","2018-06-28T00:00:00"
"2018/cpansa-sereal-decoder-2018-12913-miniz.json","2018-06-27T00:00:00"
"2018/cpansa-sereal-encoder-2018-12913-miniz.json","2018-06-27T00:00:00"
"2018/cpansa-email-address-2014-01.json","2018-06-19T00:00:00"
"2018/cpansa-pgobject-util-dbadmin-2018-01.json","2018-06-18T00:00:00"
"2018/cpansa-alien-gcrypt-2018-0495-libgcrypt.json","2018-06-13T00:00:00"
"2018/cpansa-archive-tar-2018-01.json","2018-06-12T00:00:00"
"2018/cpansa-win32-file-summary-2018-01.json","2018-06-12T00:00:00"
"2018/cpansa-mojolicious-2018-03.json","2018-05-19T00:00:00"
"2018/cpansa-git-xs-2018-7159-http-parser.json","2018-05-17T00:00:00"
"2018/cpansa-mojolicious-2018-02.json","2018-05-11T00:00:00"
"2018/cpansa-win32-printer-2016-9601-jquery.json","2018-04-24T00:00:00"
"2018/cpansa-perl-2018-6798.json","2018-04-17T00:00:00"
"2018/cpansa-perl-2018-6797.json","2018-04-17T00:00:00"
"2018/cpansa-perl-2018-6913.json","2018-04-17T00:00:00"
"2018/cpansa-dbd-sqlite-2018-8740.json","2018-03-17T00:00:00"
"2018/cpansa-dbd-sqlite-2018-8740-sqlite.json","2018-03-17T00:00:00"
"2018/cpansa-yancy-x-cve-2018-vue-001-vue.json","2018-02-21T00:00:00"
"2018/cpansa-xml-simple-2018-01.json","2018-02-18T00:00:00"
"2018/cpansa-mojolicious-2018-01.json","2018-02-13T00:00:00"
"2018/cpansa-dancer2-2018-01.json","2018-01-30T00:00:00"
"2018/cpansa-http-session2-2018-01.json","2018-01-26T00:00:00"
"2018/cpansa-app-github-email-2018-01.json","2018-01-20T00:00:00"
"2018/cpansa-app-netdisco-2015-9251-jquery.json","2018-01-18T00:00:00"
"2018/cpansa-app-netdisco-2012-6708-jquery.json","2018-01-18T00:00:00"
"2018/cpansa-js-jquery-2015-9251-jquery.json","2018-01-18T00:00:00"
"2018/cpansa-js-jquery-2012-6708-jquery.json","2018-01-18T00:00:00"
"2018/cpansa-kossy-2015-9251-jquery.json","2018-01-18T00:00:00"
"2018/cpansa-kossy-2012-6708-jquery.json","2018-01-18T00:00:00"
"2018/cpansa-mysql-admin-2015-9251-jquery.json","2018-01-18T00:00:00"
"2018/cpansa-mysql-admin-2012-6708-jquery.json","2018-01-18T00:00:00"
"2018/cpansa-plack-debugger-2015-9251-jquery.json","2018-01-18T00:00:00"
"2018/cpansa-plack-debugger-2012-6708-jquery.json","2018-01-18T00:00:00"
"2018/cpansa-resource-pack-jquery-2015-9251-jquery.json","2018-01-18T00:00:00"
"2018/cpansa-resource-pack-jquery-2012-6708-jquery.json","2018-01-18T00:00:00"
"2018/cpansa-sidef-2015-9251-jquery.json","2018-01-18T00:00:00"
"2018/cpansa-sidef-2012-6708-jquery.json","2018-01-18T00:00:00"
"2018/cpansa-sockjs-2015-9251-jquery.json","2018-01-18T00:00:00"
"2018/cpansa-sockjs-2012-6708-jquery.json","2018-01-18T00:00:00"
"2018/cpansa-squatting-2015-9251-jquery.json","2018-01-18T00:00:00"
"2018/cpansa-squatting-2012-6708-jquery.json","2018-01-18T00:00:00"
"2018/cpansa-stardust-2015-9251-jquery.json","2018-01-18T00:00:00"
"2018/cpansa-stardust-2012-6708-jquery.json","2018-01-18T00:00:00"
"2018/cpansa-ur-2015-9251-jquery.json","2018-01-18T00:00:00"
"2018/cpansa-ur-2012-6708-jquery.json","2018-01-18T00:00:00"
"2018/cpansa-ukigumo-server-2015-9251-jquery.json","2018-01-18T00:00:00"
"2018/cpansa-ukigumo-server-2012-6708-jquery.json","2018-01-18T00:00:00"
"2018/cpansa-yatt-lite-2015-9251-jquery.json","2018-01-18T00:00:00"
"2018/cpansa-yatt-lite-2012-6708-jquery.json","2018-01-18T00:00:00"
"2018/cpansa-yancy-2015-9251-jquery.json","2018-01-18T00:00:00"
"2018/cpansa-yancy-2012-6708-jquery.json","2018-01-18T00:00:00"
"2018/cpansa-yote-2015-9251-jquery.json","2018-01-18T00:00:00"
"2018/cpansa-yote-2012-6708-jquery.json","2018-01-18T00:00:00"
"2018/cpansa-yukki-2015-9251-jquery.json","2018-01-18T00:00:00"
"2018/cpansa-yukki-2012-6708-jquery.json","2018-01-18T00:00:00"
"2018/cpansa-zabbix-reporter-2015-9251-jquery.json","2018-01-18T00:00:00"
"2018/cpansa-zabbix-reporter-2012-6708-jquery.json","2018-01-18T00:00:00"
"2018/cpansa-zonemaster-gui-2015-9251-jquery.json","2018-01-18T00:00:00"
"2018/cpansa-zonemaster-gui-2012-6708-jquery.json","2018-01-18T00:00:00"
"2018/cpansa-app-netdisco-2014-6071-jquery.json","2018-01-16T00:00:00"
"2018/cpansa-js-jquery-2014-6071-jquery.json","2018-01-16T00:00:00"
"2018/cpansa-kossy-2014-6071-jquery.json","2018-01-16T00:00:00"
"2018/cpansa-mysql-admin-2014-6071-jquery.json","2018-01-16T00:00:00"
"2018/cpansa-plack-debugger-2014-6071-jquery.json","2018-01-16T00:00:00"
"2018/cpansa-resource-pack-jquery-2014-6071-jquery.json","2018-01-16T00:00:00"
"2018/cpansa-sidef-2014-6071-jquery.json","2018-01-16T00:00:00"
"2018/cpansa-sockjs-2014-6071-jquery.json","2018-01-16T00:00:00"
"2018/cpansa-squatting-2014-6071-jquery.json","2018-01-16T00:00:00"
"2018/cpansa-stardust-2014-6071-jquery.json","2018-01-16T00:00:00"
"2018/cpansa-ur-2014-6071-jquery.json","2018-01-16T00:00:00"
"2018/cpansa-ukigumo-server-2014-6071-jquery.json","2018-01-16T00:00:00"
"2018/cpansa-yatt-lite-2014-6071-jquery.json","2018-01-16T00:00:00"
"2018/cpansa-yancy-2014-6071-jquery.json","2018-01-16T00:00:00"
"2018/cpansa-yote-2014-6071-jquery.json","2018-01-16T00:00:00"
"2018/cpansa-yukki-2014-6071-jquery.json","2018-01-16T00:00:00"
"2018/cpansa-zabbix-reporter-2014-6071-jquery.json","2018-01-16T00:00:00"
"2018/cpansa-zonemaster-gui-2014-6071-jquery.json","2018-01-16T00:00:00"
"2018/cpansa-clipboard-2014-5509.json","2018-01-08T00:00:00"
"2017/cpansa-net-ping-external-2008-7319.json","2017-11-07T00:00:00"
"2017/cpansa-libwww-perl-2017-01.json","2017-11-06T00:00:00"
"2017/cpansa-catalyst-plugin-static-simple-2017-01.json","2017-10-31T00:00:00"
"2017/cpansa-perl-tidy-2014-2277.json","2017-10-17T00:00:00"
"2017/cpansa-alien-svn-2016-8734-subversion.json","2017-10-16T00:00:00"
"2017/cpansa-ui-dialog-2008-7315.json","2017-10-10T00:00:00"
"2017/cpansa-perl-2017-12814.json","2017-09-28T00:00:00"
"2017/cpansa-perl-2017-12883.json","2017-09-19T00:00:00"
"2017/cpansa-perl-2017-12837.json","2017-09-19T00:00:00"
"2017/cpansa-socket-2017-01.json","2017-08-17T00:00:00"
"2017/cpansa-alien-svn-2017-9800-svn.json","2017-08-11T00:00:00"
"2017/cpansa-apache-authenhook-2010-3845.json","2017-08-08T00:00:00"
"2017/cpansa-cbor-xs-2017-01.json","2017-07-27T00:00:00"
"2017/cpansa-dbd-sqlite-2017-10989.json","2017-07-07T00:00:00"
"2017/cpansa-dbd-mariadb-2018-01.json","2017-07-01T00:00:00"
"2017/cpansa-dbd-mariadb-2017-02.json","2017-07-01T00:00:00"
"2017/cpansa-dbd-mariadb-2017-01.json","2017-07-01T00:00:00"
"2017/cpansa-rt-authen-externalauth-2017-01.json","2017-06-15T00:00:00"
"2017/cpansa-iptables-parse-2015-8326.json","2017-06-07T00:00:00"
"2017/cpansa-perl-tidy-2016-10374.json","2017-05-17T00:00:00"
"2017/cpansa-svg-sparkline-2017-01.json","2017-05-15T00:00:00"
"2017/cpansa-config-model-2017-03.json","2017-05-10T00:00:00"
"2017/cpansa-config-model-2017-02.json","2017-05-10T00:00:00"
"2017/cpansa-config-model-2017-01.json","2017-05-10T00:00:00"
"2017/cpansa-yaml-2017-01.json","2017-05-10T00:00:00"
"2017/cpansa-file-path-2017-01.json","2017-05-02T00:00:00"
"2017/cpansa-dpkg-2017-8283.json","2017-04-26T00:00:00"
"2017/cpansa-dbd-mysql-2017-02.json","2017-04-13T00:00:00"
"2017/cpansa-file-dataclass-2017-01.json","2017-04-01T00:00:00"
"2017/cpansa-git-raw-2016-10128-libgit2.json","2017-03-24T00:00:00"
"2017/cpansa-git-raw-2016-10129-libgit2.json","2017-03-24T00:00:00"
"2017/cpansa-git-raw-2016-10130-libgit2.json","2017-03-24T00:00:00"
"2017/cpansa-dbd-mysql-2017-01.json","2017-03-23T00:00:00"
"2017/cpansa-devel-ppport-2017-01.json","2017-02-14T00:00:00"
"2017/cpansa-net-dropbear-2016-6129-libtomcrypt.json","2017-02-13T00:00:00"
"2017/cpansa-perl-2015-8608.json","2017-02-07T00:00:00"
"2017/cpansa-win32-file-summary-2016-4570-mxml.json","2017-02-03T00:00:00"
"2017/cpansa-win32-file-summary-2016-4571-mxml.json","2017-02-03T00:00:00"
"2017/cpansa-storable-2017-01.json","2017-01-29T00:00:00"
"2017/cpansa-fake-encode-2017-01.json","2017-01-23T00:00:00"
"2017/cpansa-fake-our-2017-01.json","2017-01-23T00:00:00"
"2017/cpansa-mt-2016-5742.json","2017-01-23T00:00:00"
"2017/cpansa-gbrowse-2017-01.json","2017-01-15T00:00:00"
"2016/cpansa-xml-twig-2016-9180.json","2016-12-22T00:00:00"
"2016/cpansa-cpanel-json-xs-2016-02.json","2016-11-23T00:00:00"
"2016/cpansa-dbd-mysql-2016-03.json","2016-11-16T00:00:00"
"2016/cpansa-image-info-2016-01.json","2016-11-04T00:00:00"
"2016/cpansa-dbd-mysql-2016-02.json","2016-10-02T00:00:00"
"2016/cpansa-dbd-sqlite-2016-6153.json","2016-09-26T00:00:00"
"2016/cpansa-file-keepass-2016-01.json","2016-09-14T00:00:00"
"2016/cpansa-dbd-mysql-2016-01.json","2016-08-19T00:00:00"
"2016/cpansa-extutils-makemaker-2016-01.json","2016-08-07T00:00:00"
"2016/cpansa-app-japerl-2016-1238.json","2016-08-02T00:00:00"
"2016/cpansa-archive-tar-2016-1238.json","2016-08-02T00:00:00"
"2016/cpansa-digest-2016-1238.json","2016-08-02T00:00:00"
"2016/cpansa-dpkg-2016-1238.json","2016-08-02T00:00:00"
"2016/cpansa-io-compress-2016-1238.json","2016-08-02T00:00:00"
"2016/cpansa-ipc-cmd-2016-1238.json","2016-08-02T00:00:00"
"2016/cpansa-imager-2016-1238.json","2016-08-02T00:00:00"
"2016/cpansa-locale-maketext-2016-1238.json","2016-08-02T00:00:00"
"2016/cpansa-module-load-conditional-2016-1238.json","2016-08-02T00:00:00"
"2016/cpansa-module-provision-2016-1238.json","2016-08-02T00:00:00"
"2016/cpansa-pod-perldoc-2016-1238.json","2016-08-02T00:00:00"
"2016/cpansa-win32-file-summary-2016-1238.json","2016-08-02T00:00:00"
"2016/cpansa-perl-2016-6185.json","2016-08-02T00:00:00"
"2016/cpansa-extutils-parsexs-2016-1238.json","2016-08-02T00:00:00"
"2016/cpansa-http-tiny-2016-1238.json","2016-07-29T00:00:00"
"2016/cpansa-encode-2016-01.json","2016-07-27T00:00:00"
"2016/cpansa-sys-syslog-2016-1238.json","2016-07-27T00:00:00"
"2016/cpansa-perl-2015-8853.json","2016-05-25T00:00:00"
"2016/cpansa-yukki-2016-4566-plupload.json","2016-05-22T00:00:00"
"2016/cpansa-alien-svn-2016-2167-subversion.json","2016-05-05T00:00:00"
"2016/cpansa-alien-svn-2016-2168-subversion.json","2016-05-05T00:00:00"
"2016/cpansa-perl-2016-2381.json","2016-04-08T00:00:00"
"2016/cpansa-alien-otr-2016-2851-libotr.json","2016-04-07T00:00:00"
"2016/cpansa-yaml-libyaml-2016-01.json","2016-03-10T00:00:00"
"2016/cpansa-nginx-perl-2016-0746-nginx.json","2016-02-15T00:00:00"
"2016/cpansa-nginx-engine-2016-0742-nginx.json","2016-02-15T00:00:00"
"2016/cpansa-nginx-perl-2016-0742-nginx.json","2016-02-15T00:00:00"
"2016/cpansa-pathtools-2016-02.json","2016-02-08T00:00:00"
"2016/cpansa-cgi-apachessi-2016-01.json","2016-01-31T00:00:00"
"2016/cpansa-pathtools-2016-01.json","2016-01-11T00:00:00"
"2015/cpansa-dbd-mysql-2015-01.json","2015-12-27T00:00:00"
"2015/cpansa-dpkg-2015-0860.json","2015-12-03T00:00:00"
"2015/cpansa-perl6-pugs-2015-8382-libpcre.json","2015-12-02T00:00:00"
"2015/cpansa-html-scrubber-2015-5667.json","2015-10-31T00:00:00"
"2015/cpansa-ui-dialog-2015-01.json","2015-10-10T00:00:00"
"2015/cpansa-alien-freeimage-2015-0852-freeimage.json","2015-09-29T00:00:00"
"2015/cpansa-win32-printer-2015-0852-freeimage.json","2015-09-29T00:00:00"
"2015/cpansa-perl-2013-7422.json","2015-08-16T00:00:00"
"2015/cpansa-dbd-sqlite-2013-7443.json","2015-08-12T00:00:00"
"2015/cpansa-soap-lite-2015-01.json","2015-07-21T00:00:00"
"2015/cpansa-net-openid-consumer-2015-05.json","2015-05-26T00:00:00"
"2015/cpansa-dbd-sqlite-2015-3416.json","2015-04-24T00:00:00"
"2015/cpansa-dbd-sqlite-2015-3415.json","2015-04-24T00:00:00"
"2015/cpansa-dbd-sqlite-2015-3414.json","2015-04-24T00:00:00"
"2015/cpansa-xml-libxml-2015-01.json","2015-04-23T00:00:00"
"2015/cpansa-xml-libxml-2017-01.json","2015-04-23T00:00:00"
"2015/cpansa-dpkg-2015-0840.json","2015-04-13T00:00:00"
"2015/cpansa-alien-svn-2015-0248-subversion.json","2015-04-08T00:00:00"
"2015/cpansa-alien-svn-2015-0251-subversion.json","2015-04-08T00:00:00"
"2015/cpansa-mt-2013-2184.json","2015-03-27T00:00:00"
"2015/cpansa-mt-2015-1592.json","2015-02-19T00:00:00"
"2015/cpansa-mojolicious-2015-01.json","2015-02-02T00:00:00"
"2015/cpansa-plack-2015-0202.json","2015-02-02T00:00:00"
"2015/cpansa-zonemaster-backend-2015-001.json","2015-01-28T00:00:00"
"2015/cpansa-dpkg-2014-8625.json","2015-01-20T00:00:00"
"2015/cpansa-git-raw-x-libgit2-2015-0001-libgit2.json","2015-01-20T00:00:00"
"2015/cpansa-git-xs-x-libgit2-2015-0001-libgit2.json","2015-01-20T00:00:00"
"2014/cpansa-mt-2014-9057.json","2014-12-16T00:00:00"
"2014/cpansa-yaml-libyaml-2014-9130.json","2014-12-08T00:00:00"
"2014/cpansa-cmd-dwarf-2014-01.json","2014-12-03T00:00:00"
"2014/cpansa-yukki-2010-5312-jqueryui.json","2014-11-24T00:00:00"
"2014/cpansa-dbi-2014-01.json","2014-10-15T00:00:00"
"2014/cpansa-mojolicious-2014-01.json","2014-10-07T00:00:00"
"2014/cpansa-mojolicious-plugin-oauth2-2014-01.json","2014-10-07T00:00:00"
"2014/cpansa-cgi-application-2013-7329.json","2014-10-06T00:00:00"
"2014/cpansa-capture-tiny-2014-1875.json","2014-10-06T00:00:00"
"2014/cpansa-data-dumper-2014-01.json","2014-09-30T00:00:00"
"2014/cpansa-mt-2012-1503.json","2014-08-29T00:00:00"
"2014/cpansa-mysql-admin-x-cve-2014-0001-bootstrap-markdown-editor.json","2014-08-25T00:00:00"
"2014/cpansa-term-readline-gnu-2014-2524.json","2014-08-20T00:00:00"
"2014/cpansa-pinto-2014-01.json","2014-08-19T00:00:00"
"2014/cpansa-xml-dt-2014-5260.json","2014-08-16T00:00:00"
"2014/cpansa-plack-middleware-session-2014-01.json","2014-08-11T00:00:00"
"2014/cpansa-plack-2014-0801.json","2014-08-01T00:00:00"
"2014/cpansa-dbd-mysql-2014-01.json","2014-07-30T00:00:00"
"2014/cpansa-compress-lz4-2014-01.json","2014-07-07T00:00:00"
"2014/cpansa-email-address-2014-4720.json","2014-07-06T00:00:00"
"2014/cpansa-email-address-2014-01.json","2014-07-03T00:00:00"
"2014/cpansa-otogiri-2014-01.json","2014-07-03T00:00:00"
"2014/cpansa-app-context-2012-6141.json","2014-06-04T00:00:00"
"2014/cpansa-html-ep-2012-6142.json","2014-06-04T00:00:00"
"2014/cpansa-spoon-cookie-2012-6143.json","2014-06-04T00:00:00"
"2014/cpansa-svn-look-2014-01.json","2014-05-31T00:00:00"
"2014/cpansa-dancer-2014-01.json","2014-05-30T00:00:00"
"2014/cpansa-dpkg-2014-3864.json","2014-05-30T00:00:00"
"2014/cpansa-dpkg-2014-3865.json","2014-05-30T00:00:00"
"2014/cpansa-kelp-2014-01.json","2014-05-30T00:00:00"
"2014/cpansa-dpkg-2014-3127.json","2014-05-14T00:00:00"
"2014/cpansa-dpkg-2014-0471.json","2014-04-30T00:00:00"
"2014/cpansa-plrpc-2013-7284.json","2014-04-29T00:00:00"
"2014/cpansa-net-snmp-2014-2285.json","2014-04-27T00:00:00"
"2014/cpansa-perl-version-2014-01.json","2014-02-12T00:00:00"
"2014/cpansa-perl-2010-4777.json","2014-02-10T00:00:00"
"2014/cpansa-proc-daemon-2013-7135.json","2014-01-28T00:00:00"
"2014/cpansa-marc-file-xml-2014-1626.json","2014-01-26T00:00:00"
"2014/cpansa-imager-2014-01.json","2014-01-03T00:00:00"
"2013/cpansa-http-tiny-2013-01.json","2013-11-27T00:00:00"
"2013/cpansa-catalyst-action-rest-2013-01.json","2013-09-03T00:00:00"
"2013/cpansa-http-body-2013-4407.json","2013-09-02T00:00:00"
"2013/cpansa-module-signature-2013-01.json","2013-08-19T00:00:00"
"2013/cpansa-alien-svn-2013-1968-svn.json","2013-07-31T00:00:00"
"2013/cpansa-app-perlall-2013-1667.json","2013-03-14T00:00:00"
"2013/cpansa-perl-2013-1667.json","2013-03-14T00:00:00"
"2013/cpansa-app-netdisco-2011-4969-jquery.json","2013-03-08T00:00:00"
"2013/cpansa-js-jquery-2011-4969-jquery.json","2013-03-08T00:00:00"
"2013/cpansa-kossy-2011-4969-jquery.json","2013-03-08T00:00:00"
"2013/cpansa-mysql-admin-2011-4969-jquery.json","2013-03-08T00:00:00"
"2013/cpansa-plack-debugger-2011-4969-jquery.json","2013-03-08T00:00:00"
"2013/cpansa-resource-pack-jquery-2011-4969-jquery.json","2013-03-08T00:00:00"
"2013/cpansa-sidef-2011-4969-jquery.json","2013-03-08T00:00:00"
"2013/cpansa-sockjs-2011-4969-jquery.json","2013-03-08T00:00:00"
"2013/cpansa-squatting-2011-4969-jquery.json","2013-03-08T00:00:00"
"2013/cpansa-stardust-2011-4969-jquery.json","2013-03-08T00:00:00"
"2013/cpansa-ur-2011-4969-jquery.json","2013-03-08T00:00:00"
"2013/cpansa-ukigumo-server-2011-4969-jquery.json","2013-03-08T00:00:00"
"2013/cpansa-yatt-lite-2011-4969-jquery.json","2013-03-08T00:00:00"
"2013/cpansa-yancy-2011-4969-jquery.json","2013-03-08T00:00:00"
"2013/cpansa-yote-2011-4969-jquery.json","2013-03-08T00:00:00"
"2013/cpansa-yukki-2011-4969-jquery.json","2013-03-08T00:00:00"
"2013/cpansa-zabbix-reporter-2011-4969-jquery.json","2013-03-08T00:00:00"
"2013/cpansa-zonemaster-gui-2011-4969-jquery.json","2013-03-08T00:00:00"
"2013/cpansa-file-slurp-2013-01.json","2013-02-04T00:00:00"
"2013/cpansa-plack-2013-0131.json","2013-01-31T00:00:00"
"2013/cpansa-catalyst-runtime-2013-01.json","2013-01-23T00:00:00"
"2013/cpansa-mt-2013-0209.json","2013-01-23T00:00:00"
"2013/cpansa-locale-maketext-2012-6329.json","2013-01-04T00:00:00"
"2012/cpansa-file-glob-2011-2728.json","2012-12-21T00:00:00"
"2012/cpansa-perl-2011-2728.json","2012-12-21T00:00:00"
"2012/cpansa-perl-2012-5195.json","2012-12-18T00:00:00"
"2012/cpansa-catalyst-authentication-store-ldap-2012-01.json","2012-12-11T00:00:00"
"2012/cpansa-lwp-protocol-net-curl-2012-01.json","2012-11-28T00:00:00"
"2012/cpansa-cgi-2012-5526.json","2012-11-21T00:00:00"
"2012/cpansa-activeperl-2012-5377.json","2012-10-11T00:00:00"
"2012/cpansa-proc-processtable-2011-4363.json","2012-10-07T00:00:00"
"2012/cpansa-dezi-2012-01.json","2012-09-13T00:00:00"
"2012/cpansa-dbd-pg-2012-1151.json","2012-09-09T00:00:00"
"2012/cpansa-yaml-libyaml-2012-1152.json","2012-09-09T00:00:00"
"2012/cpansa-search-opensearch-server-2012-01.json","2012-08-31T00:00:00"
"2012/cpansa-config-inifiles-2012-2451.json","2012-06-27T00:00:00"
"2012/cpansa-redland-2012-0037-libraptor.json","2012-06-17T00:00:00"
"2012/cpansa-rt-extension-mobileui-2012-01.json","2012-05-18T00:00:00"
"2012/cpansa-crypt-passwd-xs-2012-01.json","2012-05-07T00:00:00"
"2012/cpansa-plack-middleware-staticshared-2012-01.json","2012-04-26T00:00:00"
"2012/cpansa-mt-2011-5085.json","2012-04-02T00:00:00"
"2012/cpansa-mt-2011-5084.json","2012-04-02T00:00:00"
"2012/cpansa-prima-codecs-win32-2011-3045-libpng.json","2012-03-22T00:00:00"
"2012/cpansa-prima-codecs-win64-2011-3045-libpng.json","2012-03-22T00:00:00"
"2012/cpansa-tk-2011-3045-libpng.json","2012-03-22T00:00:00"
"2012/cpansa-nginx-engine-x-nginx-2012-0001-nginx.json","2012-03-15T00:00:00"
"2012/cpansa-mt-2012-0320.json","2012-03-03T00:00:00"
"2012/cpansa-mt-2012-0317.json","2012-03-03T00:00:00"
"2012/cpansa-digest-2011-3597.json","2012-01-13T00:00:00"
"2012/cpansa-encode-2011-2939.json","2012-01-13T00:00:00"
"2012/cpansa-par-2011-5060.json","2012-01-13T00:00:00"
"2012/cpansa-html-template-pro-2011-4616.json","2012-01-06T00:00:00"
"2011/cpansa-rtmp-client-2011-01.json","2011-12-01T00:00:00"
"2011/cpansa-cgi-2011-2766.json","2011-11-08T00:00:00"
"2011/cpansa-elive-2011-01.json","2011-10-15T00:00:00"
"2011/cpansa-dbd-mysqlpp-2011-01.json","2011-10-14T00:00:00"
"2011/cpansa-crypt-dsa-2011-3599.json","2011-10-10T00:00:00"
"2011/cpansa-fcgi-2011-01.json","2011-09-24T00:00:00"
"2011/cpansa-data-formvalidator-2011-2201.json","2011-09-14T00:00:00"
"2011/cpansa-par-2011-01.json","2011-07-18T00:00:00"
"2011/cpansa-par-packer-2011-01.json","2011-07-18T00:00:00"
"2011/cpansa-perl-2011-0761.json","2011-05-13T00:00:00"
"2011/cpansa-mojolicious-2010-4803.json","2011-05-03T00:00:00"
"2011/cpansa-mojolicious-2010-4802.json","2011-05-03T00:00:00"
"2011/cpansa-mojolicious-2011-1841.json","2011-05-03T00:00:00"
"2011/cpansa-mojolicious-2009-5074.json","2011-05-03T00:00:00"
"2011/cpansa-perl-2011-1487.json","2011-04-11T00:00:00"
"2011/cpansa-dancer-2011-01.json","2011-04-05T00:00:00"
"2011/cpansa-mojolicious-2011-02.json","2011-04-05T00:00:00"
"2011/cpansa-jifty-dbi-2011-01.json","2011-04-04T00:00:00"
"2011/cpansa-jifty-2011-01.json","2011-03-17T00:00:00"
"2011/cpansa-net-server-coro-2011-0411.json","2011-03-16T00:00:00"
"2011/cpansa-mojolicious-2011-01.json","2011-03-10T00:00:00"
"2011/cpansa-dbix-custom-2011-01.json","2011-01-27T00:00:00"
"2011/cpansa-libwww-perl-2011-01.json","2011-01-20T00:00:00"
"2011/cpansa-io-socket-ssl-2010-4334.json","2011-01-14T00:00:00"
"2011/cpansa-dpkg-2010-1679.json","2011-01-11T00:00:00"
"2011/cpansa-dpkg-2011-0402.json","2011-01-11T00:00:00"
"2011/cpansa-mhonarc-2011-01.json","2011-01-09T00:00:00"
"2011/cpansa-mhonarc-2011-02.json","2011-01-09T00:00:00"
"2010/cpansa-cgi-simple-2010-02.json","2010-12-27T00:00:00"
"2010/cpansa-cgi-simple-2010-01.json","2010-12-27T00:00:00"
"2010/cpansa-cgi-2010-4411.json","2010-12-06T00:00:00"
"2010/cpansa-cgi-2010-2761.json","2010-12-06T00:00:00"
"2010/cpansa-cgi-simple-2010-2761.json","2010-12-06T00:00:00"
"2010/cpansa-cgi-2010-02.json","2010-11-08T00:00:00"
"2010/cpansa-net-openid-consumer-2010-01.json","2010-11-06T00:00:00"
"2010/cpansa-win32-printer-2009-3743-jquery.json","2010-08-26T00:00:00"
"2010/cpansa-libwww-perl-2010-01.json","2010-07-06T00:00:00"
"2010/cpansa-safe-2010-1168.json","2010-06-21T00:00:00"
"2010/cpansa-dpkg-2004-2768.json","2010-06-08T00:00:00"
"2010/cpansa-catalyst-controller-combine-2010-01.json","2010-05-21T00:00:00"
"2010/cpansa-mt-2010-1985.json","2010-05-19T00:00:00"
"2010/cpansa-safe-2010-1447.json","2010-05-19T00:00:00"
"2010/cpansa-perl-2010-1158.json","2010-04-20T00:00:00"
"2010/cpansa-dpkg-2010-0396.json","2010-03-15T00:00:00"
"2010/cpansa-graphics-colornames-2010-02.json","2010-02-11T00:00:00"
"2010/cpansa-cgi-2010-01.json","2010-02-05T00:00:00"
"2010/cpansa-compress-raw-bzip2-2010-0405.json","2010-01-27T00:00:00"
"2009/cpansa-html-parser-2009-3627.json","2009-10-29T00:00:00"
"2009/cpansa-perl-2009-3626.json","2009-10-29T00:00:00"
"2009/cpansa-cpan-2009-01.json","2009-09-23T00:00:00"
"2009/cpansa-ipc-run-2009-01.json","2009-09-14T00:00:00"
"2009/cpansa-io-socket-ssl-2009-3024.json","2009-08-31T00:00:00"
"2009/cpansa-compress-raw-bzip2-2009-1884.json","2009-08-19T00:00:00"
"2009/cpansa-mojomojo-2009-01.json","2009-08-14T00:00:00"
"2009/cpansa-mt-2009-2492.json","2009-07-17T00:00:00"
"2009/cpansa-mt-2009-2481.json","2009-07-16T00:00:00"
"2009/cpansa-compress-raw-zlib-2009-1391.json","2009-06-16T00:00:00"
"2009/cpansa-mod_perl-2009-01.json","2009-05-11T00:00:00"
"2009/cpansa-dbd-pg-2009-0663.json","2009-04-30T00:00:00"
"2009/cpansa-dbd-pg-2009-1341.json","2009-04-30T00:00:00"
"2009/cpansa-jifty-2009-01.json","2009-04-09T00:00:00"
"2009/cpansa-jifty-2008-01.json","2009-04-08T00:00:00"
"2009/cpansa-mdk-common-2009-0912.json","2009-03-16T00:00:00"
"2009/cpansa-mt-2009-0752.json","2009-03-03T00:00:00"
"2009/cpansa-lemonldap-ng-portal-2009-01.json","2009-02-08T00:00:00"
"2009/cpansa-crypt-openssl-dsa-2009-01.json","2009-01-15T00:00:00"
"2009/cpansa-mt-2008-5846.json","2009-01-05T00:00:00"
"2009/cpansa-mt-2008-5845.json","2009-01-05T00:00:00"
"2009/cpansa-mt-2008-5808.json","2009-01-02T00:00:00"
"2008/cpansa-file-path-2008-5303.json","2008-12-01T00:00:00"
"2008/cpansa-file-path-2008-5302.json","2008-12-01T00:00:00"
"2008/cpansa-cgi-application-plugin-runmodedeclare-2008-01.json","2008-10-20T00:00:00"
"2008/cpansa-tk-2008-01.json","2008-10-01T00:00:00"
"2008/cpansa-devel-stacktrace-2008-3502.json","2008-08-06T00:00:00"
"2008/cpansa-filesys-smbclientparser-2008-3285.json","2008-07-24T00:00:00"
"2008/cpansa-html-perlinfo-2008-01.json","2008-07-04T00:00:00"
"2008/cpansa-file-path-2008-2827.json","2008-06-23T00:00:00"
"2008/cpansa-net-snmp-2008-2292.json","2008-05-18T00:00:00"
"2008/cpansa-imager-2008-1928.json","2008-04-24T00:00:00"
"2008/cpansa-perl-2008-1927.json","2008-04-24T00:00:00"
"2008/cpansa-apache-wyrd-2008-01.json","2008-04-14T00:00:00"
"2008/cpansa-moxy-2008-01.json","2008-04-09T00:00:00"
"2008/cpansa-perlbal-2008-1652.json","2008-04-02T00:00:00"
"2008/cpansa-net-dns-2008-01.json","2008-02-08T00:00:00"
"2008/cpansa-boost-graph-2008-0171-boost.json","2008-01-17T00:00:00"
"2008/cpansa-boost-graph-2008-0172-boost.json","2008-01-17T00:00:00"
"2008/cpansa-tk-2007-4769-tcl.json","2008-01-09T00:00:00"
"2008/cpansa-tcl-2007-4772-tcl.json","2008-01-09T00:00:00"
"2008/cpansa-tcl-2007-6067-tcl.json","2008-01-09T00:00:00"
"2008/cpansa-tk-2007-4772-tcl.json","2008-01-09T00:00:00"
"2008/cpansa-tk-2007-6067-tcl.json","2008-01-09T00:00:00"
"2007/cpansa-cgi-auth-basic-2007-01.json","2007-12-30T00:00:00"
"2007/cpansa-apache-authcas-2007-01.json","2007-12-13T00:00:00"
"2007/cpansa-perl6-pugs-2006-7230-libpcre.json","2007-11-15T00:00:00"
"2007/cpansa-perl-2007-5116.json","2007-11-07T00:00:00"
"2007/cpansa-perl6-pugs-2007-1660-libpcre.json","2007-11-07T00:00:00"
"2007/cpansa-archive-tar-2007-4829.json","2007-11-02T00:00:00"
"2007/cpansa-win32-file-summary-2007-4829.json","2007-11-02T00:00:00"
"2007/cpansa-tcl-2007-5137-tcl.json","2007-09-28T00:00:00"
"2007/cpansa-net-dns-2007-3409.json","2007-06-26T00:00:00"
"2007/cpansa-net-dns-2007-3377.json","2007-06-25T00:00:00"
"2007/cpansa-imager-2007-2459.json","2007-05-02T00:00:00"
"2007/cpansa-libapreq2-2006-01.json","2007-04-17T00:00:00"
"2007/cpansa-mod_perl-2007-01.json","2007-03-29T00:00:00"
"2006/cpansa-jifty-2006-01.json","2006-07-06T00:00:00"
"2006/cpansa-activeperl-2006-2856.json","2006-06-06T00:00:00"
"2006/cpansa-imager-2006-0053.json","2006-04-10T00:00:00"
"2006/cpansa-cgi-session-2006-01.json","2006-04-06T00:00:00"
"2006/cpansa-gpib-2006-1565.json","2006-03-31T00:00:00"
"2006/cpansa-cgi-session-2006-1279.json","2006-03-19T00:00:00"
"2006/cpansa-crypt-cbc-2006-0898.json","2006-02-25T00:00:00"
"2005/cpansa-mail-audit-2005-4536.json","2005-12-31T00:00:00"
"2005/cpansa-perl-2005-3962.json","2005-12-01T00:00:00"
"2005/cpansa-catalyst-runtime-2005-01.json","2005-11-24T00:00:00"
"2005/cpansa-apache-sessionx-2005-01.json","2005-11-15T00:00:00"
"2005/cpansa-catalyst-plugin-static-2005-01.json","2005-11-14T00:00:00"
"2005/cpansa-net-snmp-2005-2811.json","2005-09-07T00:00:00"
"2005/cpansa-net-ssleay-2005-0106.json","2005-05-03T00:00:00"
"2005/cpansa-convert-uulib-2005-1349.json","2005-05-02T00:00:00"
"2005/cpansa-dbi-2005-01.json","2005-05-02T00:00:00"
"2005/cpansa-file-path-2005-0448.json","2005-05-02T00:00:00"
"2005/cpansa-net-server-2005-1127.json","2005-05-02T00:00:00"
"2005/cpansa-perl-2005-0155.json","2005-05-02T00:00:00"
"2005/cpansa-cgi-application-plugin-autorunmode-2005-01.json","2005-03-04T00:00:00"
"2005/cpansa-perl-2005-0156.json","2005-02-07T00:00:00"
"2005/cpansa-cgi-application-dispatch-2005-001.json","2005-01-20T00:00:00"
"2005/cpansa-archive-zip-2004-1096.json","2005-01-10T00:00:00"
"2004/cpansa-activeperl-2004-2286.json","2004-12-31T00:00:00"
"2004/cpansa-activeperl-2004-2022.json","2004-12-31T00:00:00"
"2004/cpansa-file-path-2004-0452.json","2004-12-21T00:00:00"
"2004/cpansa-www-mechanize-2004-01.json","2004-10-31T00:00:00"
"2004/cpansa-activeperl-2004-0377.json","2004-05-04T00:00:00"
"2004/cpansa-gbrowse-2004-01.json","2004-04-05T00:00:00"
"2004/cpansa-ui-dialog-2004-01.json","2004-02-18T00:00:00"
"2003/cpansa-perl-2003-0900.json","2003-12-31T00:00:00"
"2003/cpansa-gbrowse-2003-01.json","2003-08-23T00:00:00"
"2003/cpansa-libzip-2003-0107-zlib.json","2003-03-07T00:00:00"
"2003/cpansa-tk-2003-0107-zlib.json","2003-03-07T00:00:00"
"2003/cpansa-win32-file-summary-2003-0107-zlib.json","2003-03-07T00:00:00"
"2002/cpansa-safe-2002-1323.json","2002-12-11T00:00:00"
"2002/cpansa-mail-mailer-2002-1271.json","2002-11-12T00:00:00"
"2002/cpansa-rpc-xml-2002-01.json","2002-10-29T00:00:00"
"2002/cpansa-digest-md5-2002-0703.json","2002-07-26T00:00:00"
"2002/cpansa-soap-lite-2002-01.json","2002-04-08T00:00:00"
"2002/cpansa-prima-codecs-win32-2002-0059-zlib.json","2002-03-15T00:00:00"
"2002/cpansa-prima-codecs-win64-2002-0059-zlib.json","2002-03-15T00:00:00"
"2001/cpansa-activeperl-2001-0815.json","2001-12-06T00:00:00"
"2001/cpansa-papp-2001-01.json","2001-10-27T00:00:00"
"2001/cpansa-eperl-2001-0733.json","2001-10-18T00:00:00"
"2001/cpansa-libwww-perl-2001-01.json","2001-03-14T00:00:00"
"2001/cpansa-apache-mp3-2001-01.json","2001-01-01T00:00:00"
"2000/cpansa-sperl-2000-0703.json","2000-10-20T00:00:00"
"2000/cpansa-soap-lite-2000-01.json","2000-10-05T00:00:00"
"2000/cpansa-apache-asp-2000-01.json","2000-07-10T00:00:00"
"1999/cpansa-perl-1999-1386.json","1999-12-31T00:00:00"
"1999/cpansa-sperl-1999-0462.json","1999-03-17T00:00:00"
"1998/cpansa-mime-tools-1998-01.json","1998-01-10T00:00:00"
"1997/cpansa-sperl-1999-0034.json","1997-05-29T00:00:00"
"1995/cpansa-libwww-perl-1995-01.json","1995-09-06T00:00:00"
